timestamp,tollID,tagRef,tagHomeID,charge
2022-03-08 15:47,NAO09,NAO5UQPGB7,NAO,2.5
2022-03-08 16:15,EG32,EGC11ERTJ,EG,1.4
2022-03-08 17:24,NO05,EGVWPVS7H,EG,3.25
2022-03-08 17:43,NAO07,NAOP0J43D5,NAO,2.5
2022-03-08 18:14,AM04,AMNT3W5UZ,AM,2.2
2022-03-08 18:32,NAO24,AMLJH75LX,AM,2.5
2022-03-08 18:40,OO10,OO1B0Z3NX,OO,2.5
2022-03-08 19:26,EG07,AMH9SDBDW,AM,1.8
2022-03-08 19:42,EG05,EG7UR23GD,EG,1.7
2022-03-08 19:59,NAO26,EGF1T2TAL,EG,2.5
2022-03-08 20:13,EG29,EGF1T2TAL,EG,1.5
2022-03-08 21:28,KO02,KOWM31YIH,KO,3.4
2022-03-08 21:29,KO02,AMHJ7XVG0,AM,3.4
2022-03-08 21:39,NAO41,NAOP0J43D5,NAO,2.5
2022-03-08 21:44,AM05,AMLJH75LX,AM,3.6
2022-03-08 21:54,NAO04,NAO5UQPGB7,NAO,2.5
2022-03-08 21:55,NAO24,AMLJH75LX,AM,2.5
2022-03-08 22:00,EG23,EG7UR23GD,EG,1.4
2022-03-08 22:08,NO10,AMV3A3ZMF,AM,4.2
2022-03-08 22:31,NO09,EG7UR23GD,EG,4.2
2022-03-08 22:51,AM09,AMXAJI0Y6,AM,3.1
2022-03-08 23:21,NAO26,NAO09SKDGI,NAO,2.5
2022-03-08 23:28,NO10,NAOP0J43D5,NAO,4.2
2022-03-08 23:33,NAO30,NAOBMYOFQE,NAO,2.5
2022-03-09 00:10,OO07,OO7PZE9VI,OO,1.9
2022-03-09 00:39,OO06,KOIXA11DP,KO,3.5
2022-03-09 02:05,AM05,AMHJ7XVG0,AM,3.6
2022-03-09 02:08,AM06,AMNT3W5UZ,AM,3.6
2022-03-09 02:23,OO08,OO3KKV9RF,OO,1.9
2022-03-09 02:34,KO06,EGC11ERTJ,EG,1.9
2022-03-09 02:43,EG26,KOWM31YIH,KO,1.8
2022-03-09 03:12,AM01,NAO5UQPGB7,NAO,2.0
2022-03-09 03:18,AM04,AMLJH75LX,AM,2.2
2022-03-09 03:40,EG36,MOJCKJLTE,MO,1.0
2022-03-09 03:49,NO05,NAOVZ41NAM,NAO,3.25
2022-03-09 04:33,NO10,KOWKTAKPU,KO,4.2
2022-03-09 05:06,KO09,EGC11ERTJ,EG,2.05
2022-03-09 05:48,NAO32,NAO09SKDGI,NAO,2.5
2022-03-09 06:00,EG31,EGUT0CVS4,EG,1.4
2022-03-09 06:24,MO05,MOJCKJLTE,MO,2.6
2022-03-09 06:47,EG30,EGUT0CVS4,EG,1.5
2022-03-09 07:07,MO09,MOJCKJLTE,MO,2.7
2022-03-09 07:52,KO05,OO7PZE9VI,OO,1.9
2022-03-09 08:32,AM08,KOIXA11DP,KO,2.8
2022-03-09 09:14,EG33,EGVWPVS7H,EG,2.0
2022-03-09 10:01,KO03,NAOBMYOFQE,NAO,2.95
2022-03-09 10:14,NAO39,NAOP0J43D5,NAO,2.5
2022-03-09 10:21,KO09,KOWM31YIH,KO,2.05
2022-03-09 10:42,EG38,EG7UR23GD,EG,1.4
2022-03-09 10:49,AM04,MOJCKJLTE,MO,2.2
2022-03-09 11:17,OO05,OO3KKV9RF,OO,3.5
2022-03-09 11:33,EG03,EGC11ERTJ,EG,1.2
2022-03-09 11:56,KO04,KOWKTAKPU,KO,2.95
2022-03-09 12:14,NAO29,NO7PTX63C,NO,2.5
2022-03-09 12:17,OO08,OO1B0Z3NX,OO,1.9
2022-03-09 12:36,AM05,NAOURTP0LZ,NAO,3.6
2022-03-09 12:44,EG05,EGIGQPKI7,EG,1.7
2022-03-09 12:48,OO08,NAOHL1N13J,NAO,1.9
2022-03-09 13:09,MO08,MOJCKJLTE,MO,3.15
2022-03-09 13:27,NAO23,NAO09SKDGI,NAO,2.5
2022-03-09 14:02,NAO36,AMLJH75LX,AM,2.5
2022-03-09 14:13,KO02,KOIXA11DP,KO,3.4
2022-03-09 14:13,MO08,MOV86WZS3,MO,3.15
2022-03-09 14:22,NO01,NOE1V2ISQ,NO,3.85
2022-03-09 14:52,NAO10,NAO5UQPGB7,NAO,2.5
2022-03-09 15:09,MO04,MOJCKJLTE,MO,2.1
2022-03-09 15:13,EG19,KONCXLL4Z,KO,1.4
2022-03-09 15:57,EG09,AMXAJI0Y6,AM,0.9
2022-03-09 16:30,OO02,OO1B0Z3NX,OO,2.3
2022-03-09 16:49,NO10,NAOVZ41NAM,NAO,4.2
2022-03-09 17:20,EG09,EGSEIMVIH,EG,0.9
2022-03-09 18:20,AM10,NAO5ZJA8DZ,NAO,3.1
2022-03-09 18:29,EG06,EG9CHJ755,EG,1.7
2022-03-09 20:20,OO04,OO7PZE9VI,OO,2.4
2022-03-09 20:47,NO10,NO7PTX63C,NO,4.2
2022-03-09 20:51,NO14,NOX6GVWRD,NO,4.15
2022-03-09 21:04,GE01,GEJA1WJ0T,GE,14.7
2022-03-09 21:11,KO07,NAOP0J43D5,NAO,1.85
2022-03-09 21:18,OO01,OO7PZE9VI,OO,2.3
2022-03-09 21:31,NAO09,EGRHOCN9J,EG,2.5
2022-03-09 21:43,KO02,KOWM31YIH,KO,3.4
2022-03-09 22:06,AM09,AMNT3W5UZ,AM,3.1
2022-03-09 22:43,OO05,OO3KKV9RF,OO,3.5
2022-03-09 22:56,OO02,NAO09SKDGI,NAO,2.3
2022-03-09 23:18,EG33,EGRHOCN9J,EG,2.0
2022-03-09 23:30,EG15,EGVWPVS7H,EG,1.2
2022-03-09 23:39,KO07,KOIXA11DP,KO,1.85
2022-03-09 23:54,OO10,OOZSJ49IT,OO,2.5
2022-03-10 00:16,NO07,NO7PTX63C,NO,3.55
2022-03-10 00:17,EG06,NAOBMYOFQE,NAO,1.7
2022-03-10 00:44,NAO28,NAOHAFEYUH,NAO,2.5
2022-03-10 01:10,KO07,AMXAJI0Y6,AM,1.85
2022-03-10 01:50,OO03,NAOVZ41NAM,NAO,2.4
2022-03-10 01:53,NO01,NOXFGCAQV,NO,3.85
2022-03-10 02:01,NAO38,NAOHAFEYUH,NAO,2.5
2022-03-10 02:13,NAO04,NAOP0J43D5,NAO,2.5
2022-03-10 02:30,OO03,OOQ0OXFQ8,OO,2.4
2022-03-10 02:32,EG31,NOE1V2ISQ,NO,1.4
2022-03-10 03:23,EG13,EGVWPVS7H,EG,1.2
2022-03-10 03:31,NAO35,NAO5ZJA8DZ,NAO,2.5
2022-03-10 03:46,NAO23,NAOHL1N13J,NAO,2.5
2022-03-10 04:22,NO10,NOQLL8OS9,NO,4.2
2022-03-10 04:26,AM02,AMHJ7XVG0,AM,2.0
2022-03-10 04:49,OO01,NORCBPLJD,NO,2.3
2022-03-10 04:55,EG17,EGYTJXEPQ,EG,2.1
2022-03-10 05:25,EG05,EGC11ERTJ,EG,1.7
2022-03-10 06:32,NAO02,NAOP0J43D5,NAO,2.5
2022-03-10 06:35,NAO35,NAO5ZJA8DZ,NAO,2.5
2022-03-10 06:35,OO10,OOQ0OXFQ8,OO,2.5
2022-03-10 07:30,EG29,EGYTJXEPQ,EG,1.5
2022-03-10 07:30,GE01,GEJA1WJ0T,GE,14.7
2022-03-10 07:39,EG34,NAOBMYOFQE,NAO,2.0
2022-03-10 07:50,NAO21,NAOHAFEYUH,NAO,2.5
2022-03-10 07:54,NAO34,NAOURTP0LZ,NAO,2.5
2022-03-10 08:43,EG33,EGIGQPKI7,EG,2.0
2022-03-10 08:43,EG20,NAOBMYOFQE,NAO,1.4
2022-03-10 10:58,EG14,KOWKTAKPU,KO,1.2
2022-03-10 11:06,NAO40,NAOHL1N13J,NAO,2.5
2022-03-10 11:07,EG09,EGSEIMVIH,EG,0.9
2022-03-10 12:09,OO10,OO1B0Z3NX,OO,2.5
2022-03-10 12:10,OO09,EGRHOCN9J,EG,2.5
2022-03-10 12:13,EG02,NAONSM43D8,NAO,3.0
2022-03-10 12:21,OO06,MOJCKJLTE,MO,3.5
2022-03-10 12:25,AM01,EG7UR23GD,EG,2.0
2022-03-10 12:58,NAO34,MOV86WZS3,MO,2.5
2022-03-10 13:07,EG24,EGSEIMVIH,EG,1.4
2022-03-10 13:55,KO09,KONCXLL4Z,KO,2.05
2022-03-10 14:39,AM06,AMHJ7XVG0,AM,3.6
2022-03-10 14:39,MO10,MOJCKJLTE,MO,2.7
2022-03-10 14:42,NO02,NOXFGCAQV,NO,3.85
2022-03-10 16:23,NAO10,NAOLY8OZCY,NAO,2.5
2022-03-10 16:33,NAO24,NAONSM43D8,NAO,2.5
2022-03-10 16:59,GE02,GE2IAGL58,GE,14.7
2022-03-10 17:36,OO08,OO1B0Z3NX,OO,1.9
2022-03-10 18:02,EG10,EGSEIMVIH,EG,0.9
2022-03-10 18:07,NO13,NOE1V2ISQ,NO,4.15
2022-03-10 18:15,EG21,EGF1T2TAL,EG,1.6
2022-03-10 18:30,OO01,OO3KKV9RF,OO,2.3
2022-03-10 18:38,NO02,NO7PTX63C,NO,3.85
2022-03-10 18:41,KO05,KOJDP0LVS,KO,1.9
2022-03-10 19:04,NO11,NOXFGCAQV,NO,3.35
2022-03-10 19:18,EG15,EGUT0CVS4,EG,1.2
2022-03-10 19:20,NAO35,NAONSM43D8,NAO,2.5
2022-03-10 19:32,KO06,KONCXLL4Z,KO,1.9
2022-03-10 20:50,EG02,NAONSM43D8,NAO,3.0
2022-03-10 20:58,EG23,EG7UR23GD,EG,1.4
2022-03-10 21:02,NAO29,NO7PTX63C,NO,2.5
2022-03-10 21:16,KO08,KOIXA11DP,KO,1.85
2022-03-10 21:29,NAO36,AMHJ7XVG0,AM,2.5
2022-03-10 22:07,OO06,NO7PTX63C,NO,3.5
2022-03-10 22:53,EG14,EGC11ERTJ,EG,1.2
2022-03-10 23:08,NAO38,NAO09SKDGI,NAO,2.5
2022-03-10 23:29,KO08,NAOLY8OZCY,NAO,1.85
2022-03-10 23:54,EG33,NOE1V2ISQ,NO,2.0
2022-03-11 00:04,AM10,AMV3A3ZMF,AM,3.1
2022-03-11 00:08,NO10,NOXFGCAQV,NO,4.2
2022-03-11 00:21,NO01,NORCBPLJD,NO,3.85
2022-03-11 00:23,NAO12,NAO5UQPGB7,NAO,2.5
2022-03-11 00:33,MO03,MOV86WZS3,MO,2.1
2022-03-11 00:34,NAO21,EGC11ERTJ,EG,2.5
2022-03-11 00:35,EG09,EGIGQPKI7,EG,0.9
2022-03-11 00:39,NAO32,NAOHAFEYUH,NAO,2.5
2022-03-11 01:00,NAO14,NAO5ZJA8DZ,NAO,2.5
2022-03-11 01:19,OO05,NO7PTX63C,NO,3.5
2022-03-11 01:19,OO10,AMHJ7XVG0,AM,2.5
2022-03-11 01:43,NAO16,NAOBMYOFQE,NAO,2.5
2022-03-11 01:44,OO03,OO1B0Z3NX,OO,2.4
2022-03-11 02:15,NAO26,OO3KKV9RF,OO,2.5
2022-03-11 02:37,KO02,KOWM31YIH,KO,3.4
2022-03-11 02:48,OO02,NOQLL8OS9,NO,2.3
2022-03-11 03:32,KO03,NAOHL1N13J,NAO,2.95
2022-03-11 03:58,OO02,OO3KKV9RF,OO,2.3
2022-03-11 04:18,AM05,NAOHAFEYUH,NAO,3.6
2022-03-11 04:20,EG33,EGF1T2TAL,EG,2.0
2022-03-11 04:23,EG28,NAOBMYOFQE,NAO,1.4
2022-03-11 04:35,MO09,MOJCKJLTE,MO,2.7
2022-03-11 05:48,EG03,EGUT0CVS4,EG,1.2
2022-03-11 05:53,NAO38,NAO5ZJA8DZ,NAO,2.5
2022-03-11 06:27,AM09,AMXAJI0Y6,AM,3.1
2022-03-11 06:42,NAO30,NAOP0J43D5,NAO,2.5
2022-03-11 07:31,KO09,KOWM31YIH,KO,2.05
2022-03-11 08:11,OO03,NAOLY8OZCY,NAO,2.4
2022-03-11 08:17,KO09,KOWM31YIH,KO,2.05
2022-03-11 08:29,EG15,AMHJ7XVG0,AM,1.2
2022-03-11 08:38,NAO09,NAO09SKDGI,NAO,2.5
2022-03-11 09:05,EG17,OO3KKV9RF,OO,2.1
2022-03-11 09:09,NAO32,NAO5UQPGB7,NAO,2.5
2022-03-11 09:25,NO01,NOXFGCAQV,NO,3.85
2022-03-11 09:27,EG33,EGIGQPKI7,EG,2.0
2022-03-11 09:33,EG24,EGIGQPKI7,EG,1.4
2022-03-11 10:05,EG21,EG7UR23GD,EG,1.6
2022-03-11 10:50,AM07,AMV3A3ZMF,AM,2.8
2022-03-11 11:06,OO05,AMHJ7XVG0,AM,3.5
2022-03-11 11:25,EG31,EGC11ERTJ,EG,1.4
2022-03-11 12:16,AM02,AMXAJI0Y6,AM,2.0
2022-03-11 12:42,NO01,NOXFGCAQV,NO,3.85
2022-03-11 13:12,NAO37,NAOBMYOFQE,NAO,2.5
2022-03-11 13:14,NAO32,NAO5ZJA8DZ,NAO,2.5
2022-03-11 13:22,NAO05,NAOLY8OZCY,NAO,2.5
2022-03-11 13:32,NAO32,NAO5ZJA8DZ,NAO,2.5
2022-03-11 14:09,NO04,EGVWPVS7H,EG,3.25
2022-03-11 14:49,OO10,OOQ0OXFQ8,OO,2.5
2022-03-11 15:06,NAO32,NAO09SKDGI,NAO,2.5
2022-03-11 15:08,NAO14,NAO5ZJA8DZ,NAO,2.5
2022-03-11 15:19,MO05,MOJCKJLTE,MO,2.6
2022-03-11 15:24,EG27,EGYTJXEPQ,EG,1.4
2022-03-11 16:36,EG25,NAOHL1N13J,NAO,1.8
2022-03-11 17:39,NAO26,NAO09SKDGI,NAO,2.5
2022-03-11 17:41,NAO39,NAOURTP0LZ,NAO,2.5
2022-03-11 17:49,NAO12,NAOHL1N13J,NAO,2.5
2022-03-11 17:58,AM02,EGRHOCN9J,EG,2.0
2022-03-11 18:06,AM06,AMH9SDBDW,AM,3.6
2022-03-11 18:10,NO03,NOXFGCAQV,NO,3.25
2022-03-11 18:13,NO14,NOE1V2ISQ,NO,4.15
2022-03-11 18:42,EG06,OOQ0OXFQ8,OO,1.7
2022-03-11 18:48,EG11,EGRHOCN9J,EG,0.5
2022-03-11 20:08,NAO15,OO3KKV9RF,OO,2.5
2022-03-11 20:16,NO02,NOXFGCAQV,NO,3.85
2022-03-11 20:55,OO09,EGVWPVS7H,EG,2.5
2022-03-11 21:08,EG31,OOQ0OXFQ8,OO,1.4
2022-03-11 21:19,AM08,AMXAJI0Y6,AM,2.8
2022-03-11 21:37,EG23,EG7UR23GD,EG,1.4
2022-03-11 21:38,NO10,NOXFGCAQV,NO,4.2
2022-03-11 21:43,EG01,EG9CHJ755,EG,3.0
2022-03-11 22:13,EG37,EGVWPVS7H,EG,1.4
2022-03-11 22:17,NAO12,AMXAJI0Y6,AM,2.5
2022-03-11 22:54,EG29,EGUT0CVS4,EG,1.5
2022-03-11 23:32,EG19,EGYTJXEPQ,EG,1.4
2022-03-11 23:37,EG20,EGIGQPKI7,EG,1.4
2022-03-11 23:52,AM05,AMXAJI0Y6,AM,3.6
2022-03-12 00:20,OO06,KOIXA11DP,KO,3.5
2022-03-12 01:08,AM06,AMH9SDBDW,AM,3.6
2022-03-12 01:22,AM02,EGVWPVS7H,EG,2.0
2022-03-12 01:33,AM10,AMV3A3ZMF,AM,3.1
2022-03-12 01:38,EG31,KOWKTAKPU,KO,1.4
2022-03-12 01:38,NO10,OOQ0OXFQ8,OO,4.2
2022-03-12 02:54,NAO30,NAOBMYOFQE,NAO,2.5
2022-03-12 03:46,AM10,AMV3A3ZMF,AM,3.1
2022-03-12 04:07,AM04,AMV3A3ZMF,AM,2.2
2022-03-12 04:14,KO04,KOWKTAKPU,KO,2.95
2022-03-12 04:41,NAO41,NAOP0J43D5,NAO,2.5
2022-03-12 05:04,MO04,MOJCKJLTE,MO,2.1
2022-03-12 05:06,NAO07,AMV3A3ZMF,AM,2.5
2022-03-12 05:18,AM10,AMHJ7XVG0,AM,3.1
2022-03-12 05:41,AM07,AMLJH75LX,AM,2.8
2022-03-12 06:12,EG11,OO1B0Z3NX,OO,0.5
2022-03-12 06:31,NAO31,NAO09SKDGI,NAO,2.5
2022-03-12 07:06,OO07,EGC11ERTJ,EG,1.9
2022-03-12 08:09,AM01,OO7PZE9VI,OO,2.0
2022-03-12 08:58,EG33,EGRHOCN9J,EG,2.0
2022-03-12 09:02,EG33,AMHJ7XVG0,AM,2.0
2022-03-12 09:09,OO08,NAOHL1N13J,NAO,1.9
2022-03-12 09:27,NAO29,NAONSM43D8,NAO,2.5
2022-03-12 09:48,NAO37,NAOBMYOFQE,NAO,2.5
2022-03-12 10:55,EG31,NAOURTP0LZ,NAO,1.4
2022-03-12 11:34,NO10,NO7PTX63C,NO,4.2
2022-03-12 11:44,NO01,AMNT3W5UZ,AM,3.85
2022-03-12 12:29,EG36,EGUT0CVS4,EG,1.0
2022-03-12 12:47,KO07,KOJDP0LVS,KO,1.85
2022-03-12 12:54,NAO21,NAO5ZJA8DZ,NAO,2.5
2022-03-12 13:28,AM01,AMXAJI0Y6,AM,2.0
2022-03-12 14:14,NO10,NAOP0J43D5,NAO,4.2
2022-03-12 15:05,KO05,KOJDP0LVS,KO,1.9
2022-03-12 15:48,NAO06,NAOLY8OZCY,NAO,2.5
2022-03-12 16:30,AM01,AMHJ7XVG0,AM,2.0
2022-03-12 16:57,KO06,AMHJ7XVG0,AM,1.9
2022-03-12 16:58,NAO14,EG7UR23GD,EG,2.5
2022-03-12 16:58,AM10,AMV3A3ZMF,AM,3.1
2022-03-12 17:14,OO07,OO7PZE9VI,OO,1.9
2022-03-12 17:38,AM01,NAOLY8OZCY,NAO,2.0
2022-03-12 17:55,KO10,KONCXLL4Z,KO,2.05
2022-03-12 17:56,NO03,AMXAJI0Y6,AM,3.25
2022-03-12 17:59,AM08,EG9CHJ755,EG,2.8
2022-03-12 18:25,AM08,KOIXA11DP,KO,2.8
2022-03-12 18:49,AM06,AMHJ7XVG0,AM,3.6
2022-03-12 19:04,NAO12,AMXAJI0Y6,AM,2.5
2022-03-12 19:25,NO03,NOE1V2ISQ,NO,3.25
2022-03-12 19:49,EG06,EGUT0CVS4,EG,1.7
2022-03-12 20:16,AM04,AMH9SDBDW,AM,2.2
2022-03-12 20:41,OO04,OOZSJ49IT,OO,2.4
2022-03-12 22:00,NAO11,NAOLY8OZCY,NAO,2.5
2022-03-12 23:23,KO09,KONCXLL4Z,KO,2.05
2022-03-12 23:27,EG02,NAONSM43D8,NAO,3.0
2022-03-13 00:18,AM08,EGYTJXEPQ,EG,2.8
2022-03-13 00:25,EG36,EGC11ERTJ,EG,1.0
2022-03-13 00:31,EG33,NOE1V2ISQ,NO,2.0
2022-03-13 00:44,OO05,NO7PTX63C,NO,3.5
2022-03-13 01:19,OO10,OOQ0OXFQ8,OO,2.5
2022-03-13 01:52,AM04,AMH9SDBDW,AM,2.2
2022-03-13 02:07,NAO10,NAOLY8OZCY,NAO,2.5
2022-03-13 02:19,OO06,NAOHL1N13J,NAO,3.5
2022-03-13 02:34,EG21,EG7UR23GD,EG,1.6
2022-03-13 03:07,NAO05,NAO5ZJA8DZ,NAO,2.5
2022-03-13 03:57,NAO18,NAOBMYOFQE,NAO,2.5
2022-03-13 04:14,EG18,NAOBMYOFQE,NAO,2.1
2022-03-13 04:18,EG13,EGVWPVS7H,EG,1.2
2022-03-13 04:28,OO06,NAOHL1N13J,NAO,3.5
2022-03-13 04:47,NAO14,NAONSM43D8,NAO,2.5
2022-03-13 05:01,NO09,EG7UR23GD,EG,4.2
2022-03-13 05:56,OO02,OOQ0OXFQ8,OO,2.3
2022-03-13 06:08,GE01,NAOBMYOFQE,NAO,14.7
2022-03-13 06:25,AM05,AMXAJI0Y6,AM,3.6
2022-03-13 06:38,NAO28,NAOHAFEYUH,NAO,2.5
2022-03-13 06:39,NAO29,EGC11ERTJ,EG,2.5
2022-03-13 06:51,NO02,NORCBPLJD,NO,3.85
2022-03-13 07:08,EG02,EGIGQPKI7,EG,3.0
2022-03-13 07:13,AM02,AMHJ7XVG0,AM,2.0
2022-03-13 07:38,MO05,NAOLY8OZCY,NAO,2.6
2022-03-13 07:56,EG19,EG9CHJ755,EG,1.4
2022-03-13 08:12,AM01,NAOP0J43D5,NAO,2.0
2022-03-13 08:29,EG31,EGC11ERTJ,EG,1.4
2022-03-13 08:38,AM04,AMLJH75LX,AM,2.2
2022-03-13 08:41,NAO40,NAOHL1N13J,NAO,2.5
2022-03-13 08:49,AM05,NAONSM43D8,NAO,3.6
2022-03-13 08:57,EG14,EGC11ERTJ,EG,1.2
2022-03-13 10:42,OO07,NAOLY8OZCY,NAO,1.9
2022-03-13 10:55,AM01,AMLJH75LX,AM,2.0
2022-03-13 10:56,EG13,EGVWPVS7H,EG,1.2
2022-03-13 11:00,EG15,EGUT0CVS4,EG,1.2
2022-03-13 11:03,EG13,EGUT0CVS4,EG,1.2
2022-03-13 11:09,NO13,NOE1V2ISQ,NO,4.15
2022-03-13 11:19,NAO15,NOE1V2ISQ,NO,2.5
2022-03-13 11:26,OO06,EGYTJXEPQ,EG,3.5
2022-03-13 11:26,EG26,EGYTJXEPQ,EG,1.8
2022-03-13 11:53,KO09,KOJDP0LVS,KO,2.05
2022-03-13 11:56,NAO21,NAO5ZJA8DZ,NAO,2.5
2022-03-13 12:20,OO10,OOZSJ49IT,OO,2.5
2022-03-13 12:33,OO04,OOZSJ49IT,OO,2.4
2022-03-13 12:40,KO03,KOJDP0LVS,KO,2.95
2022-03-13 13:42,AM08,KOIXA11DP,KO,2.8
2022-03-13 14:14,OO01,OO7PZE9VI,OO,2.3
2022-03-13 14:23,EG36,NOE1V2ISQ,NO,1.0
2022-03-13 15:06,NO02,NOX6GVWRD,NO,3.85
2022-03-13 15:14,EG19,NORCBPLJD,NO,1.4
2022-03-13 15:30,NO06,GE5A0L725,GE,3.25
2022-03-13 15:39,AM01,OO7PZE9VI,OO,2.0
2022-03-13 15:42,NAO30,EGUT0CVS4,EG,2.5
2022-03-13 15:44,AM08,AMXAJI0Y6,AM,2.8
2022-03-13 15:51,MO01,NO7PTX63C,NO,1.35
2022-03-13 16:17,EG02,EGF1T2TAL,EG,3.0
2022-03-13 17:19,NAO41,NAOP0J43D5,NAO,2.5
2022-03-13 18:04,EG19,NAOBMYOFQE,NAO,1.4
2022-03-13 18:30,AM10,AMXAJI0Y6,AM,3.1
2022-03-13 18:30,NO13,NOXFGCAQV,NO,4.15
2022-03-13 18:51,KO02,NAOURTP0LZ,NAO,3.4
2022-03-13 18:54,NAO26,EGSEIMVIH,EG,2.5
2022-03-13 18:57,EG31,NOE1V2ISQ,NO,1.4
2022-03-13 19:22,KO03,KOWKTAKPU,KO,2.95
2022-03-13 19:46,AM06,AMNT3W5UZ,AM,3.6
2022-03-13 20:36,NAO05,EGUT0CVS4,EG,2.5
2022-03-13 20:45,KO06,AMHJ7XVG0,AM,1.9
2022-03-13 21:06,OO03,NAOLY8OZCY,NAO,2.4
2022-03-13 21:28,NAO07,NAOURTP0LZ,NAO,2.5
2022-03-13 21:45,NAO23,EG9CHJ755,EG,2.5
2022-03-13 21:54,EG32,EGC11ERTJ,EG,1.4
2022-03-13 22:02,EG05,EG7UR23GD,EG,1.7
2022-03-13 22:16,OO10,OOQ0OXFQ8,OO,2.5
2022-03-13 23:00,NAO15,NAOBMYOFQE,NAO,2.5
2022-03-13 23:35,NO07,NAOP0J43D5,NAO,3.55
2022-03-14 00:46,KO10,OO1B0Z3NX,OO,2.05
2022-03-14 01:04,NAO35,NAOBMYOFQE,NAO,2.5
2022-03-14 01:24,NO14,EG9CHJ755,EG,4.15
2022-03-14 01:24,NAO23,NAOHL1N13J,NAO,2.5
2022-03-14 01:36,AM02,NO7PTX63C,NO,2.0
2022-03-14 01:38,AM01,NAO5UQPGB7,NAO,2.0
2022-03-14 01:42,EG06,OOQ0OXFQ8,OO,1.7
2022-03-14 02:20,OO07,EGF1T2TAL,EG,1.9
2022-03-14 02:38,NO13,EGIGQPKI7,EG,4.15
2022-03-14 02:41,KO07,EGC11ERTJ,EG,1.85
2022-03-14 04:07,EG36,NOE1V2ISQ,NO,1.0
2022-03-14 04:08,EG14,KOWKTAKPU,KO,1.2
2022-03-14 04:30,KO05,KONCXLL4Z,KO,1.9
2022-03-14 04:31,NAO41,NAOP0J43D5,NAO,2.5
2022-03-14 04:39,AM04,KOWKTAKPU,KO,2.2
2022-03-14 05:10,EG22,EGVWPVS7H,EG,1.6
2022-03-14 05:13,NAO36,NAO5UQPGB7,NAO,2.5
2022-03-14 05:17,KO03,KONCXLL4Z,KO,2.95
2022-03-14 06:04,KO09,KOWM31YIH,KO,2.05
2022-03-14 06:16,EG24,EGSEIMVIH,EG,1.4
2022-03-14 06:22,NO09,NAOBMYOFQE,NAO,4.2
2022-03-14 06:30,KO01,KONCXLL4Z,KO,3.4
2022-03-14 07:43,NO12,AMXAJI0Y6,AM,3.35
2022-03-14 07:45,OO08,OOZSJ49IT,OO,1.9
2022-03-14 08:19,KO03,NAOURTP0LZ,NAO,2.95
2022-03-14 08:22,EG10,NORCBPLJD,NO,0.9
2022-03-14 08:39,NAO33,NAOURTP0LZ,NAO,2.5
2022-03-14 08:59,NAO25,OO3KKV9RF,OO,2.5
2022-03-14 09:19,OO07,OO7PZE9VI,OO,1.9
2022-03-14 09:25,KO01,KOIXA11DP,KO,3.4
2022-03-14 09:52,AM05,AMLJH75LX,AM,3.6
2022-03-14 10:20,KO01,KOIXA11DP,KO,3.4
2022-03-14 10:40,EG38,EG7UR23GD,EG,1.4
2022-03-14 10:41,EG17,OO3KKV9RF,OO,2.1
2022-03-14 10:57,EG15,EGF1T2TAL,EG,1.2
2022-03-14 11:07,NO03,NOE1V2ISQ,NO,3.25
2022-03-14 11:45,AM04,AMNT3W5UZ,AM,2.2
2022-03-14 12:01,KO01,KOJDP0LVS,KO,3.4
2022-03-14 12:16,NAO16,EGUT0CVS4,EG,2.5
2022-03-14 12:34,NAO29,NAONSM43D8,NAO,2.5
2022-03-14 12:42,NO06,AMHJ7XVG0,AM,3.25
2022-03-14 12:54,KO02,AMHJ7XVG0,AM,3.4
2022-03-14 13:39,NAO14,NAOHAFEYUH,NAO,2.5
2022-03-14 13:48,AM01,AMLJH75LX,AM,2.0
2022-03-14 14:37,EG09,EGYTJXEPQ,EG,0.9
2022-03-14 14:49,NO10,NOXFGCAQV,NO,4.2
2022-03-14 15:02,KO08,KOJDP0LVS,KO,1.85
2022-03-14 15:25,NAO12,NAOBMYOFQE,NAO,2.5
2022-03-14 15:43,NAO15,OO3KKV9RF,OO,2.5
2022-03-14 17:17,EG37,NOE1V2ISQ,NO,1.4
2022-03-14 17:37,NAO01,NAOP0J43D5,NAO,2.5
2022-03-14 17:49,OO09,OO1B0Z3NX,OO,2.5
2022-03-14 18:23,AM08,OOZSJ49IT,OO,2.8
2022-03-14 18:37,KO06,AMHJ7XVG0,AM,1.9
2022-03-14 18:52,KO08,KOIXA11DP,KO,1.85
2022-03-14 19:07,OO05,AMHJ7XVG0,AM,3.5
2022-03-14 19:09,NAO34,NOXFGCAQV,NO,2.5
2022-03-14 19:11,AM05,AMH9SDBDW,AM,3.6
2022-03-14 19:46,AM05,AMLJH75LX,AM,3.6
2022-03-14 19:51,NAO40,NAOP0J43D5,NAO,2.5
2022-03-14 20:18,NAO11,NAO5UQPGB7,NAO,2.5
2022-03-14 20:51,NO11,NOE1V2ISQ,NO,3.35
2022-03-14 21:06,AM08,NOE1V2ISQ,NO,2.8
2022-03-14 21:15,EG01,NORCBPLJD,NO,3.0
2022-03-14 21:41,OO06,OO1B0Z3NX,OO,3.5
2022-03-14 21:49,EG28,EG9CHJ755,EG,1.4
2022-03-14 21:57,OO01,NORCBPLJD,NO,2.3
2022-03-14 22:10,EG25,NAOHL1N13J,NAO,1.8
2022-03-14 22:38,NAO15,NAOBMYOFQE,NAO,2.5
2022-03-14 23:03,AM02,EGRHOCN9J,EG,2.0
2022-03-15 00:38,EG31,EGYTJXEPQ,EG,1.4
2022-03-15 00:54,KO03,KOJDP0LVS,KO,2.95
2022-03-15 01:02,NO10,KOIXA11DP,KO,4.2
2022-03-15 01:59,NAO24,NAOHL1N13J,NAO,2.5
2022-03-15 03:40,EG04,OOZSJ49IT,OO,1.2
2022-03-15 03:48,OO04,OO7PZE9VI,OO,2.4
2022-03-15 04:08,OO04,NAOVZ41NAM,NAO,2.4
2022-03-15 04:42,KO09,KOJDP0LVS,KO,2.05
2022-03-15 04:44,AM07,AMXAJI0Y6,AM,2.8
2022-03-15 04:58,NAO30,NAO5ZJA8DZ,NAO,2.5
2022-03-15 05:02,AM04,EGVWPVS7H,EG,2.2
2022-03-15 05:12,EG19,EGYTJXEPQ,EG,1.4
2022-03-15 05:14,EG15,EGF1T2TAL,EG,1.2
2022-03-15 05:19,NAO26,NO7PTX63C,NO,2.5
2022-03-15 05:40,NAO02,KOIXA11DP,KO,2.5
2022-03-15 06:08,EG27,EGYTJXEPQ,EG,1.4
2022-03-15 06:57,NAO07,NAOVZ41NAM,NAO,2.5
2022-03-15 07:03,NAO07,NAO5ZJA8DZ,NAO,2.5
2022-03-15 07:03,OO07,EGC11ERTJ,EG,1.9
2022-03-15 07:11,KO09,NAO5ZJA8DZ,NAO,2.05
2022-03-15 07:16,NAO01,NAOBMYOFQE,NAO,2.5
2022-03-15 07:29,AM09,AMH9SDBDW,AM,3.1
2022-03-15 07:55,NO12,NOX6GVWRD,NO,3.35
2022-03-15 08:06,NO04,MOV86WZS3,MO,3.25
2022-03-15 08:09,MO09,EGF1T2TAL,EG,2.7
2022-03-15 08:15,EG38,EGUT0CVS4,EG,1.4
2022-03-15 08:15,NO07,OOQ0OXFQ8,OO,3.55
2022-03-15 08:21,NAO32,NORCBPLJD,NO,2.5
2022-03-15 08:57,NO07,NO7PTX63C,NO,3.55
2022-03-15 08:59,NO11,NOXFGCAQV,NO,3.35
2022-03-15 09:27,NAO37,NAOHL1N13J,NAO,2.5
2022-03-15 10:01,EG29,EG7UR23GD,EG,1.5
2022-03-15 10:25,AM05,AMXAJI0Y6,AM,3.6
2022-03-15 10:40,OO03,NAOLY8OZCY,NAO,2.4
2022-03-15 10:53,EG24,EGSEIMVIH,EG,1.4
2022-03-15 11:26,EG10,EGVWPVS7H,EG,0.9
2022-03-15 11:38,MO09,AMV3A3ZMF,AM,2.7
2022-03-15 11:57,KO10,KOWKTAKPU,KO,2.05
2022-03-15 13:59,EG06,OOQ0OXFQ8,OO,1.7
2022-03-15 14:10,NAO09,NAO09SKDGI,NAO,2.5
2022-03-15 14:34,NAO21,NAOLY8OZCY,NAO,2.5
2022-03-15 15:30,AM05,NAOURTP0LZ,NAO,3.6
2022-03-15 15:30,OO08,OO7PZE9VI,OO,1.9
2022-03-15 15:55,NAO14,NAONSM43D8,NAO,2.5
2022-03-15 15:59,GE02,KOWKTAKPU,KO,14.7
2022-03-15 16:17,NO03,AMXAJI0Y6,AM,3.25
2022-03-15 16:43,MO03,OOZSJ49IT,OO,2.1
2022-03-15 16:56,NO10,NOQLL8OS9,NO,4.2
2022-03-15 16:57,KO05,KOWM31YIH,KO,1.9
2022-03-15 17:17,AM03,EGC11ERTJ,EG,2.2
2022-03-15 17:49,NAO12,NAO5UQPGB7,NAO,2.5
2022-03-15 17:59,NAO12,NAO5UQPGB7,NAO,2.5
2022-03-15 18:07,NAO02,KOIXA11DP,KO,2.5
2022-03-15 19:38,NAO32,NORCBPLJD,NO,2.5
2022-03-15 19:47,NAO10,NAOHAFEYUH,NAO,2.5
2022-03-15 19:48,NAO16,NAOBMYOFQE,NAO,2.5
2022-03-15 19:58,EG22,OO7PZE9VI,OO,1.6
2022-03-15 20:04,EG38,EGUT0CVS4,EG,1.4
2022-03-15 20:10,NO01,NOE1V2ISQ,NO,3.85
2022-03-15 20:35,NO04,NOQLL8OS9,NO,3.25
2022-03-15 20:57,AM05,NAOHAFEYUH,NAO,3.6
2022-03-15 21:05,NAO26,NAO09SKDGI,NAO,2.5
2022-03-15 22:33,OO06,EG9CHJ755,EG,3.5
2022-03-15 23:09,AM07,AMLJH75LX,AM,2.8
2022-03-15 23:47,NAO32,NORCBPLJD,NO,2.5
2022-03-15 23:48,NAO20,NAO5UQPGB7,NAO,2.5
2022-03-16 00:03,EG34,EGVWPVS7H,EG,2.0
2022-03-16 01:03,EG33,NOE1V2ISQ,NO,2.0
2022-03-16 01:33,NO02,NOXFGCAQV,NO,3.85
2022-03-16 01:34,EG23,EG7UR23GD,EG,1.4
2022-03-16 01:53,OO08,OOZSJ49IT,OO,1.9
2022-03-16 02:20,EG12,EGSEIMVIH,EG,0.5
2022-03-16 03:04,NAO35,NAONSM43D8,NAO,2.5
2022-03-16 03:05,KO06,EGC11ERTJ,EG,1.9
2022-03-16 03:15,EG36,EGC11ERTJ,EG,1.0
2022-03-16 03:49,NAO30,NAONSM43D8,NAO,2.5
2022-03-16 04:02,MO05,NAOP0J43D5,NAO,2.6
2022-03-16 04:33,AM02,AMNT3W5UZ,AM,2.0
2022-03-16 04:34,NAO32,NAO5UQPGB7,NAO,2.5
2022-03-16 04:41,EG21,EGYTJXEPQ,EG,1.6
2022-03-16 04:45,OO02,OO3KKV9RF,OO,2.3
2022-03-16 04:49,NAO35,NAONSM43D8,NAO,2.5
2022-03-16 05:02,AM10,AMV3A3ZMF,AM,3.1
2022-03-16 05:15,AM08,AMLJH75LX,AM,2.8
2022-03-16 05:16,EG30,EG7UR23GD,EG,1.5
2022-03-16 05:38,EG10,EGYTJXEPQ,EG,0.9
2022-03-16 06:03,NAO10,NAOLY8OZCY,NAO,2.5
2022-03-16 06:09,OO03,NAOLY8OZCY,NAO,2.4
2022-03-16 06:13,EG19,NORCBPLJD,NO,1.4
2022-03-16 06:15,KO08,KOJDP0LVS,KO,1.85
2022-03-16 07:24,OO10,OO1B0Z3NX,OO,2.5
2022-03-16 07:24,OO08,OO3KKV9RF,OO,1.9
2022-03-16 08:13,EG28,EGF1T2TAL,EG,1.4
2022-03-16 08:32,AM10,AMHJ7XVG0,AM,3.1
2022-03-16 08:37,EG38,EG7UR23GD,EG,1.4
2022-03-16 08:49,OO03,OOZSJ49IT,OO,2.4
2022-03-16 08:54,EG21,AMXAJI0Y6,AM,1.6
2022-03-16 09:27,NAO03,EGF1T2TAL,EG,2.5
2022-03-16 09:44,OO09,KOWM31YIH,KO,2.5
2022-03-16 10:04,EG09,EGYTJXEPQ,EG,0.9
2022-03-16 10:08,NO11,NAOURTP0LZ,NAO,3.35
2022-03-16 10:20,MO05,MOJCKJLTE,MO,2.6
2022-03-16 11:30,EG11,EG9CHJ755,EG,0.5
2022-03-16 11:49,EG30,EG9CHJ755,EG,1.5
2022-03-16 12:30,NO10,AMV3A3ZMF,AM,4.2
2022-03-16 13:05,EG19,EGF1T2TAL,EG,1.4
2022-03-16 13:33,OO10,OOQ0OXFQ8,OO,2.5
2022-03-16 13:47,OO08,OO3KKV9RF,OO,1.9
2022-03-16 14:43,EG36,EGUT0CVS4,EG,1.0
2022-03-16 14:43,EG27,EGYTJXEPQ,EG,1.4
2022-03-16 14:47,NO07,NOE1V2ISQ,NO,3.55
2022-03-16 15:06,OO03,AMXAJI0Y6,AM,2.4
2022-03-16 15:25,NAO30,NAO5ZJA8DZ,NAO,2.5
2022-03-16 15:58,EG19,EGYTJXEPQ,EG,1.4
2022-03-16 16:05,AM01,NAOLY8OZCY,NAO,2.0
2022-03-16 16:16,EG07,EGSEIMVIH,EG,1.8
2022-03-16 17:48,EG16,EGYTJXEPQ,EG,1.2
2022-03-16 18:31,EG33,EGRHOCN9J,EG,2.0
2022-03-16 19:00,KO05,EGVWPVS7H,EG,1.9
2022-03-16 19:35,NAO25,NAOHL1N13J,NAO,2.5
2022-03-16 20:16,NAO06,OO7PZE9VI,OO,2.5
2022-03-16 20:21,AM05,AMV3A3ZMF,AM,3.6
2022-03-16 21:00,AM04,AMLJH75LX,AM,2.2
2022-03-16 21:05,EG17,EG7UR23GD,EG,2.1
2022-03-16 21:16,OO03,OOZSJ49IT,OO,2.4
2022-03-16 21:29,NAO30,NAOHAFEYUH,NAO,2.5
2022-03-16 21:38,KO07,KOWKTAKPU,KO,1.85
2022-03-16 22:15,NAO30,NAONSM43D8,NAO,2.5
2022-03-16 22:15,OO03,OOQ0OXFQ8,OO,2.4
2022-03-16 22:18,KO08,KONCXLL4Z,KO,1.85
2022-03-16 22:47,OO05,OO3KKV9RF,OO,3.5
2022-03-16 22:53,NO06,NORCBPLJD,NO,3.25
2022-03-16 23:17,NAO39,AMXAJI0Y6,AM,2.5
2022-03-16 23:27,AM04,AMLJH75LX,AM,2.2
2022-03-16 23:42,KO05,KOWKTAKPU,KO,1.9
2022-03-17 00:26,KO02,NAOURTP0LZ,NAO,3.4
2022-03-17 00:33,EG30,EG9CHJ755,EG,1.5
2022-03-17 00:33,KO02,OOZSJ49IT,OO,3.4
2022-03-17 00:45,NAO33,NAOP0J43D5,NAO,2.5
2022-03-17 01:02,NAO09,MOJCKJLTE,MO,2.5
2022-03-17 01:42,OO03,KOWM31YIH,KO,2.4
2022-03-17 03:12,KO05,KOWM31YIH,KO,1.9
2022-03-17 03:25,KO10,NO7PTX63C,NO,2.05
2022-03-17 04:14,KO05,KOJDP0LVS,KO,1.9
2022-03-17 04:50,AM02,AMNT3W5UZ,AM,2.0
2022-03-17 04:54,EG31,EGYTJXEPQ,EG,1.4
2022-03-17 05:04,EG21,NAOP0J43D5,NAO,1.6
2022-03-17 05:12,EG30,EG7UR23GD,EG,1.5
2022-03-17 05:40,EG36,OO1B0Z3NX,OO,1.0
2022-03-17 05:42,EG35,EGRHOCN9J,EG,1.0
2022-03-17 05:44,NO10,NOX6GVWRD,NO,4.2
2022-03-17 06:42,AM01,AMLJH75LX,AM,2.0
2022-03-17 06:43,OO08,AMNT3W5UZ,AM,1.9
2022-03-17 07:15,NO10,NOQLL8OS9,NO,4.2
2022-03-17 07:37,NO11,NOXFGCAQV,NO,3.35
2022-03-17 07:42,NAO21,NAO5ZJA8DZ,NAO,2.5
2022-03-17 08:34,EG07,EGUT0CVS4,EG,1.8
2022-03-17 08:44,EG18,NAO5ZJA8DZ,NAO,2.1
2022-03-17 08:48,EG20,EGSEIMVIH,EG,1.4
2022-03-17 08:52,NAO26,NAO09SKDGI,NAO,2.5
2022-03-17 08:53,KO05,KOWM31YIH,KO,1.9
2022-03-17 09:12,NAO06,NAOLY8OZCY,NAO,2.5
2022-03-17 09:27,EG36,EGF1T2TAL,EG,1.0
2022-03-17 09:44,KO04,KOIXA11DP,KO,2.95
2022-03-17 10:44,NAO31,OO7PZE9VI,OO,2.5
2022-03-17 11:16,NAO40,NAO5ZJA8DZ,NAO,2.5
2022-03-17 11:21,AM02,AMXAJI0Y6,AM,2.0
2022-03-17 11:30,OO07,OO7PZE9VI,OO,1.9
2022-03-17 11:49,NAO39,NAOURTP0LZ,NAO,2.5
2022-03-17 11:54,EG19,NORCBPLJD,NO,1.4
2022-03-17 12:31,AM02,AMHJ7XVG0,AM,2.0
2022-03-17 12:33,AM04,EGVWPVS7H,EG,2.2
2022-03-17 12:34,EG18,EGIGQPKI7,EG,2.1
2022-03-17 12:47,OO09,NAOURTP0LZ,NAO,2.5
2022-03-17 12:59,EG20,EGSEIMVIH,EG,1.4
2022-03-17 13:45,KO05,KOWKTAKPU,KO,1.9
2022-03-17 13:59,NO06,AMHJ7XVG0,AM,3.25
2022-03-17 14:56,EG11,OO1B0Z3NX,OO,0.5
2022-03-17 15:10,NO01,EGRHOCN9J,EG,3.85
2022-03-17 15:13,EG10,EGC11ERTJ,EG,0.9
2022-03-17 15:14,NAO13,NAOHL1N13J,NAO,2.5
2022-03-17 15:29,AM03,EGC11ERTJ,EG,2.2
2022-03-17 15:53,NO10,OO1B0Z3NX,OO,4.2
2022-03-17 16:47,OO02,OO3KKV9RF,OO,2.3
2022-03-17 17:06,EG10,NORCBPLJD,NO,0.9
2022-03-17 17:10,OO06,EGC11ERTJ,EG,3.5
2022-03-17 17:33,EG22,EGRHOCN9J,EG,1.6
2022-03-17 17:35,AM09,AMH9SDBDW,AM,3.1
2022-03-17 17:47,NAO19,NAOHAFEYUH,NAO,2.5
2022-03-17 18:05,NAO05,NAOP0J43D5,NAO,2.5
2022-03-17 18:10,KO03,KONCXLL4Z,KO,2.95
2022-03-17 18:33,EG17,EGIGQPKI7,EG,2.1
2022-03-17 18:42,NAO01,NAONSM43D8,NAO,2.5
2022-03-17 18:48,EG10,EGVWPVS7H,EG,0.9
2022-03-17 19:03,OO04,OO7PZE9VI,OO,2.4
2022-03-17 19:23,NAO32,NAO5UQPGB7,NAO,2.5
2022-03-17 19:34,EG25,EGUT0CVS4,EG,1.8
2022-03-17 20:10,NO12,NOXFGCAQV,NO,3.35
2022-03-17 20:54,MO02,NAOHL1N13J,NAO,1.35
2022-03-17 20:54,NO14,NOXFGCAQV,NO,4.15
2022-03-17 21:17,EG21,AMH9SDBDW,AM,1.6
2022-03-17 21:34,EG07,EG7UR23GD,EG,1.8
2022-03-17 21:49,NAO30,NAONSM43D8,NAO,2.5
2022-03-17 21:52,NO03,NOXFGCAQV,NO,3.25
2022-03-17 22:14,KO04,MOJCKJLTE,MO,2.95
2022-03-17 22:17,MO01,MOV86WZS3,MO,1.35
2022-03-17 22:36,NO02,NAOLY8OZCY,NAO,3.85
2022-03-17 22:36,NO07,NAO09SKDGI,NAO,3.55
2022-03-17 22:41,AM08,AMXAJI0Y6,AM,2.8
2022-03-17 23:09,EG11,OO1B0Z3NX,OO,0.5
2022-03-17 23:19,EG14,KOWKTAKPU,KO,1.2
2022-03-17 23:43,OO05,OO1B0Z3NX,OO,3.5
2022-03-17 23:44,EG10,EGIGQPKI7,EG,0.9
2022-03-18 00:08,NAO03,EG9CHJ755,EG,2.5
2022-03-18 00:09,OO02,NOQLL8OS9,NO,2.3
2022-03-18 00:28,EG37,NOE1V2ISQ,NO,1.4
2022-03-18 00:41,NO05,KONCXLL4Z,KO,3.25
2022-03-18 00:42,MO05,MOJCKJLTE,MO,2.6
2022-03-18 00:43,EG02,EGF1T2TAL,EG,3.0
2022-03-18 00:45,AM05,NAONSM43D8,NAO,3.6
2022-03-18 01:28,OO06,NAOHL1N13J,NAO,3.5
2022-03-18 01:33,OO02,NAOURTP0LZ,NAO,2.3
2022-03-18 02:08,NAO39,NAOURTP0LZ,NAO,2.5
2022-03-18 02:50,OO01,NORCBPLJD,NO,2.3
2022-03-18 02:58,EG29,EG7UR23GD,EG,1.5
2022-03-18 04:37,AM06,AMLJH75LX,AM,3.6
2022-03-18 05:01,EG27,EGYTJXEPQ,EG,1.4
2022-03-18 05:12,NO03,NOE1V2ISQ,NO,3.25
2022-03-18 06:14,OO06,OOQ0OXFQ8,OO,3.5
2022-03-18 06:45,EG33,EGVWPVS7H,EG,2.0
2022-03-18 06:50,KO07,KOWKTAKPU,KO,1.85
2022-03-18 07:03,EG36,EGC11ERTJ,EG,1.0
2022-03-18 07:47,NAO32,NAOHL1N13J,NAO,2.5
2022-03-18 08:09,OO04,OO3KKV9RF,OO,2.4
2022-03-18 08:14,EG33,EGIGQPKI7,EG,2.0
2022-03-18 08:30,KO01,KONCXLL4Z,KO,3.4
2022-03-18 09:17,KO08,KOWM31YIH,KO,1.85
2022-03-18 10:00,KO01,KOWKTAKPU,KO,3.4
2022-03-18 10:31,EG21,EG7UR23GD,EG,1.6
2022-03-18 11:11,NAO11,NAO5UQPGB7,NAO,2.5
2022-03-18 11:30,NAO21,EGIGQPKI7,EG,2.5
2022-03-18 11:42,AM01,EGRHOCN9J,EG,2.0
2022-03-18 11:51,NAO24,NAOHL1N13J,NAO,2.5
2022-03-18 12:00,OO05,OO3KKV9RF,OO,3.5
2022-03-18 12:26,NO12,MOV86WZS3,MO,3.35
2022-03-18 12:32,NAO09,NAOP0J43D5,NAO,2.5
2022-03-18 12:34,EG18,EGC11ERTJ,EG,2.1
2022-03-18 12:54,EG26,EG9CHJ755,EG,1.8
2022-03-18 13:36,NO05,NO7PTX63C,NO,3.25
2022-03-18 14:08,EG37,EGF1T2TAL,EG,1.4
2022-03-18 14:19,EG09,EG9CHJ755,EG,0.9
2022-03-18 14:30,KO05,KOWM31YIH,KO,1.9
2022-03-18 15:20,NO10,NOX6GVWRD,NO,4.2
2022-03-18 15:21,OO03,NAOLY8OZCY,NAO,2.4
2022-03-18 15:50,AM06,AMHJ7XVG0,AM,3.6
2022-03-18 16:03,NAO24,NAOHL1N13J,NAO,2.5
2022-03-18 16:11,EG11,EGC11ERTJ,EG,0.5
2022-03-18 16:36,NO02,NOXFGCAQV,NO,3.85
2022-03-18 16:56,NAO21,NAOHL1N13J,NAO,2.5
2022-03-18 17:04,NAO40,NAOHL1N13J,NAO,2.5
2022-03-18 17:24,MO05,MOJCKJLTE,MO,2.6
2022-03-18 17:41,NO11,NOXFGCAQV,NO,3.35
2022-03-18 18:01,EG17,KOWM31YIH,KO,2.1
2022-03-18 18:50,OO08,OO3KKV9RF,OO,1.9
2022-03-18 19:02,KO07,EGC11ERTJ,EG,1.85
2022-03-18 20:02,EG10,NAO09SKDGI,NAO,0.9
2022-03-18 20:45,NAO07,NAOURTP0LZ,NAO,2.5
2022-03-18 21:09,EG24,EGF1T2TAL,EG,1.4
2022-03-18 21:31,NAO38,NAO5ZJA8DZ,NAO,2.5
2022-03-18 22:03,EG29,EGUT0CVS4,EG,1.5
2022-03-18 22:06,EG21,EG9CHJ755,EG,1.6
2022-03-18 22:08,MO12,AMH9SDBDW,AM,2.05
2022-03-18 22:53,NO05,KOWKTAKPU,KO,3.25
2022-03-18 23:36,NO11,NAOURTP0LZ,NAO,3.35
2022-03-18 23:49,EG24,EGIGQPKI7,EG,1.4
2022-03-19 00:24,OO03,OO7PZE9VI,OO,2.4
2022-03-19 00:39,NO14,OO1B0Z3NX,OO,4.15
2022-03-19 01:42,NAO35,KONCXLL4Z,KO,2.5
2022-03-19 01:55,AM07,OO1B0Z3NX,OO,2.8
2022-03-19 01:55,NAO23,NAOHL1N13J,NAO,2.5
2022-03-19 02:10,NAO14,EG7UR23GD,EG,2.5
2022-03-19 02:24,NO06,EGRHOCN9J,EG,3.25
2022-03-19 03:34,NAO19,NAOHAFEYUH,NAO,2.5
2022-03-19 03:40,AM01,AMHJ7XVG0,AM,2.0
2022-03-19 03:55,AM07,AMV3A3ZMF,AM,2.8
2022-03-19 04:04,NAO32,NAOLY8OZCY,NAO,2.5
2022-03-19 04:07,NAO15,KOWKTAKPU,KO,2.5
2022-03-19 04:09,OO02,OOQ0OXFQ8,OO,2.3
2022-03-19 04:18,KO09,EGIGQPKI7,EG,2.05
2022-03-19 05:17,EG10,EGF1T2TAL,EG,0.9
2022-03-19 05:18,EG12,EGSEIMVIH,EG,0.5
2022-03-19 05:23,NAO07,NAOVZ41NAM,NAO,2.5
2022-03-19 05:25,AM01,AMXAJI0Y6,AM,2.0
2022-03-19 05:46,AM05,AMH9SDBDW,AM,3.6
2022-03-19 05:56,NO10,OO1B0Z3NX,OO,4.2
2022-03-19 06:02,NO05,EGVWPVS7H,EG,3.25
2022-03-19 06:21,OO04,OOZSJ49IT,OO,2.4
2022-03-19 06:22,MO09,AMV3A3ZMF,AM,2.7
2022-03-19 06:40,NAO14,NAONSM43D8,NAO,2.5
2022-03-19 06:50,EG30,EG9CHJ755,EG,1.5
2022-03-19 07:00,OO07,OOQ0OXFQ8,OO,1.9
2022-03-19 07:29,NO02,NAOLY8OZCY,NAO,3.85
2022-03-19 07:47,NAO07,NAOVZ41NAM,NAO,2.5
2022-03-19 07:55,NAO05,KONCXLL4Z,KO,2.5
2022-03-19 08:23,EG37,EGVWPVS7H,EG,1.4
2022-03-19 09:15,EG17,OO3KKV9RF,OO,2.1
2022-03-19 09:51,OO02,OO3KKV9RF,OO,2.3
2022-03-19 09:58,EG06,EG9CHJ755,EG,1.7
2022-03-19 10:03,EG33,NOE1V2ISQ,NO,2.0
2022-03-19 11:16,KO05,EGC11ERTJ,EG,1.9
2022-03-19 12:03,EG33,EGIGQPKI7,EG,2.0
2022-03-19 12:03,KO10,KONCXLL4Z,KO,2.05
2022-03-19 12:25,AM10,AMV3A3ZMF,AM,3.1
2022-03-19 12:30,NAO15,NOE1V2ISQ,NO,2.5
2022-03-19 12:53,NAO23,NAOHL1N13J,NAO,2.5
2022-03-19 13:11,OO03,EGUT0CVS4,EG,2.4
2022-03-19 13:15,OO06,OO1B0Z3NX,OO,3.5
2022-03-19 13:16,AM03,AMH9SDBDW,AM,2.2
2022-03-19 13:45,NAO32,NAOHAFEYUH,NAO,2.5
2022-03-19 14:01,NO04,NOQLL8OS9,NO,3.25
2022-03-19 14:05,NAO41,EGUT0CVS4,EG,2.5
2022-03-19 14:07,AM03,AMHJ7XVG0,AM,2.2
2022-03-19 14:35,EG08,EGSEIMVIH,EG,1.8
2022-03-19 14:52,OO10,OOZSJ49IT,OO,2.5
2022-03-19 15:19,OO04,OO3KKV9RF,OO,2.4
2022-03-19 15:22,KO03,KOWM31YIH,KO,2.95
2022-03-19 16:02,EG10,EGC11ERTJ,EG,0.9
2022-03-19 16:43,EG20,EGSEIMVIH,EG,1.4
2022-03-19 17:11,NAO21,NAOHAFEYUH,NAO,2.5
2022-03-19 17:35,AM02,EGVWPVS7H,EG,2.0
2022-03-19 17:55,EG11,OO1B0Z3NX,OO,0.5
2022-03-19 18:16,AM04,AMV3A3ZMF,AM,2.2
2022-03-19 18:18,NO01,NOXFGCAQV,NO,3.85
2022-03-19 18:58,NO12,MOV86WZS3,MO,3.35
2022-03-19 19:02,NO06,NOE1V2ISQ,NO,3.25
2022-03-19 19:47,EG11,EGC11ERTJ,EG,0.5
2022-03-19 20:09,EG05,EGC11ERTJ,EG,1.7
2022-03-19 20:52,NO04,MOV86WZS3,MO,3.25
2022-03-19 20:58,NAO26,NAOHAFEYUH,NAO,2.5
2022-03-19 21:52,AM05,AMXAJI0Y6,AM,3.6
2022-03-19 22:11,NO01,NO7PTX63C,NO,3.85
2022-03-19 22:14,NAO21,EGC11ERTJ,EG,2.5
2022-03-19 22:51,KO03,KONCXLL4Z,KO,2.95
2022-03-19 23:03,KO05,KOWM31YIH,KO,1.9
2022-03-19 23:16,AM02,AMH9SDBDW,AM,2.0
2022-03-19 23:18,OO10,OO7PZE9VI,OO,2.5
2022-03-19 23:57,NAO41,EGUT0CVS4,EG,2.5
2022-03-19 23:59,AM06,AMXAJI0Y6,AM,3.6
2022-03-20 00:26,KO07,KOWKTAKPU,KO,1.85
2022-03-20 00:26,NO12,NOQLL8OS9,NO,3.35
2022-03-20 00:53,NAO27,NAO5UQPGB7,NAO,2.5
2022-03-20 00:55,MO05,MOJCKJLTE,MO,2.6
2022-03-20 01:13,NAO06,NAOLY8OZCY,NAO,2.5
2022-03-20 01:15,NAO36,AMLJH75LX,AM,2.5
2022-03-20 01:16,EG10,EG9CHJ755,EG,0.9
2022-03-20 01:17,KO07,KOWKTAKPU,KO,1.85
2022-03-20 01:35,AM09,NORCBPLJD,NO,3.1
2022-03-20 02:53,NAO39,NAOP0J43D5,NAO,2.5
2022-03-20 03:31,KO04,KOIXA11DP,KO,2.95
2022-03-20 03:32,EG02,NAONSM43D8,NAO,3.0
2022-03-20 04:06,EG12,NAOP0J43D5,NAO,0.5
2022-03-20 04:44,OO04,OOQ0OXFQ8,OO,2.4
2022-03-20 04:46,EG31,OOQ0OXFQ8,OO,1.4
2022-03-20 04:55,KO08,KOWM31YIH,KO,1.85
2022-03-20 05:25,NO05,NOQLL8OS9,NO,3.25
2022-03-20 05:29,OO03,EGUT0CVS4,EG,2.4
2022-03-20 06:07,KO10,KONCXLL4Z,KO,2.05
2022-03-20 07:11,EG05,EGIGQPKI7,EG,1.7
2022-03-20 07:29,EG10,NORCBPLJD,NO,0.9
2022-03-20 07:58,NAO03,NAOURTP0LZ,NAO,2.5
2022-03-20 08:23,KO01,KOJDP0LVS,KO,3.4
2022-03-20 08:24,EG33,EGYTJXEPQ,EG,2.0
2022-03-20 08:47,NAO38,NAONSM43D8,NAO,2.5
2022-03-20 08:51,NAO14,NAONSM43D8,NAO,2.5
2022-03-20 08:53,EG12,NAOP0J43D5,NAO,0.5
2022-03-20 09:03,EG21,EG9CHJ755,EG,1.6
2022-03-20 09:04,NAO35,NAONSM43D8,NAO,2.5
2022-03-20 09:06,NO09,EG7UR23GD,EG,4.2
2022-03-20 09:26,NAO21,NAOLY8OZCY,NAO,2.5
2022-03-20 09:34,NO11,NOXFGCAQV,NO,3.35
2022-03-20 09:41,NAO06,NAOLY8OZCY,NAO,2.5
2022-03-20 09:51,KO05,KOWKTAKPU,KO,1.9
2022-03-20 10:54,NO05,NOQLL8OS9,NO,3.25
2022-03-20 11:05,NAO21,EGC11ERTJ,EG,2.5
2022-03-20 11:33,NAO09,MOJCKJLTE,MO,2.5
2022-03-20 11:52,NAO28,NAOHAFEYUH,NAO,2.5
2022-03-20 12:08,OO09,EGVWPVS7H,EG,2.5
2022-03-20 12:57,NO14,NOXFGCAQV,NO,4.15
2022-03-20 12:59,OO10,EGSEIMVIH,EG,2.5
2022-03-20 13:07,OO08,AMNT3W5UZ,AM,1.9
2022-03-20 13:12,MO08,KONCXLL4Z,KO,3.15
2022-03-20 13:22,NAO10,NAOHAFEYUH,NAO,2.5
2022-03-20 13:32,GE02,NOXFGCAQV,NO,14.7
2022-03-20 13:40,OO08,OO7PZE9VI,OO,1.9
2022-03-20 14:15,AM05,AMV3A3ZMF,AM,3.6
2022-03-20 14:55,AM02,NO7PTX63C,NO,2.0
2022-03-20 15:03,AM07,AMLJH75LX,AM,2.8
2022-03-20 15:51,NO12,AMXAJI0Y6,AM,3.35
2022-03-20 16:43,MO02,OOZSJ49IT,OO,1.35
2022-03-20 16:59,AM06,AMXAJI0Y6,AM,3.6
2022-03-20 17:01,NO07,EGF1T2TAL,EG,3.55
2022-03-20 17:13,AM08,NOE1V2ISQ,NO,2.8
2022-03-20 17:19,OO06,EG9CHJ755,EG,3.5
2022-03-20 17:27,NAO26,KOJDP0LVS,KO,2.5
2022-03-20 17:27,NAO26,EGF1T2TAL,EG,2.5
2022-03-20 17:35,EG36,NAONSM43D8,NAO,1.0
2022-03-20 17:45,EG29,EGYTJXEPQ,EG,1.5
2022-03-20 17:49,NAO22,NAOLY8OZCY,NAO,2.5
2022-03-20 17:52,GE01,NAOBMYOFQE,NAO,14.7
2022-03-20 18:04,NO06,NOX6GVWRD,NO,3.25
2022-03-20 18:10,EG14,AMH9SDBDW,AM,1.2
2022-03-20 18:21,NAO18,EGF1T2TAL,EG,2.5
2022-03-20 18:27,EG08,EGVWPVS7H,EG,1.8
2022-03-20 18:28,KO04,KONCXLL4Z,KO,2.95
2022-03-20 18:41,NO09,NOE1V2ISQ,NO,4.2
2022-03-20 18:45,NAO30,EGUT0CVS4,EG,2.5
2022-03-20 18:48,NAO37,NAO09SKDGI,NAO,2.5
2022-03-20 19:02,EG28,EGSEIMVIH,EG,1.4
2022-03-20 19:17,MO05,MOJCKJLTE,MO,2.6
2022-03-20 19:57,NO13,NAO5ZJA8DZ,NAO,4.15
2022-03-20 20:00,AM04,AMLJH75LX,AM,2.2
2022-03-20 20:17,EG21,EGYTJXEPQ,EG,1.6
2022-03-20 20:36,EG22,NAOBMYOFQE,NAO,1.6
2022-03-20 20:40,EG15,EGUT0CVS4,EG,1.2
2022-03-20 20:45,EG26,EGYTJXEPQ,EG,1.8
2022-03-20 21:10,NAO22,NAO5ZJA8DZ,NAO,2.5
2022-03-20 21:53,NAO10,NAOHAFEYUH,NAO,2.5
2022-03-20 22:05,AM06,AMXAJI0Y6,AM,3.6
2022-03-20 22:30,AM04,AMLJH75LX,AM,2.2
2022-03-20 22:48,OO10,OOZSJ49IT,OO,2.5
2022-03-20 22:52,MO11,EGC11ERTJ,EG,2.05
2022-03-20 22:53,NO06,NORCBPLJD,NO,3.25
2022-03-20 22:58,KO09,KOJDP0LVS,KO,2.05
2022-03-20 23:15,AM02,EGVWPVS7H,EG,2.0
2022-03-21 00:00,MO08,MOV86WZS3,MO,3.15
2022-03-21 00:19,NAO39,NAOURTP0LZ,NAO,2.5
2022-03-21 00:19,NO05,EGYTJXEPQ,EG,3.25
2022-03-21 00:43,AM01,OO7PZE9VI,OO,2.0
2022-03-21 01:04,EG10,EGC11ERTJ,EG,0.9
2022-03-21 01:08,GE02,GE5A0L725,GE,14.7
2022-03-21 01:22,NAO32,NAO5UQPGB7,NAO,2.5
2022-03-21 01:41,EG16,EGYTJXEPQ,EG,1.2
2022-03-21 01:43,EG21,EGYTJXEPQ,EG,1.6
2022-03-21 02:13,KO02,NAOURTP0LZ,NAO,3.4
2022-03-21 02:22,AM05,NAONSM43D8,NAO,3.6
2022-03-21 02:43,AM01,EG7UR23GD,EG,2.0
2022-03-21 02:46,GE02,AMNT3W5UZ,AM,14.7
2022-03-21 02:47,OO09,EGVWPVS7H,EG,2.5
2022-03-21 03:06,NAO20,AMH9SDBDW,AM,2.5
2022-03-21 03:09,EG30,EG9CHJ755,EG,1.5
2022-03-21 03:20,OO04,NOXFGCAQV,NO,2.4
2022-03-21 03:28,OO03,EGUT0CVS4,EG,2.4
2022-03-21 03:45,KO09,NAO5ZJA8DZ,NAO,2.05
2022-03-21 03:49,NO09,NAOHL1N13J,NAO,4.2
2022-03-21 04:00,EG14,EGC11ERTJ,EG,1.2
2022-03-21 04:34,KO04,NOE1V2ISQ,NO,2.95
2022-03-21 05:25,OO06,EGYTJXEPQ,EG,3.5
2022-03-21 05:28,OO02,NAO09SKDGI,NAO,2.3
2022-03-21 05:32,OO02,NAO09SKDGI,NAO,2.3
2022-03-21 05:40,NO01,NORCBPLJD,NO,3.85
2022-03-21 05:45,KO03,KOWM31YIH,KO,2.95
2022-03-21 05:47,KO07,NAOP0J43D5,NAO,1.85
2022-03-21 06:00,EG21,NOXFGCAQV,NO,1.6
2022-03-21 06:05,OO05,OOZSJ49IT,OO,3.5
2022-03-21 07:00,KO08,KOWM31YIH,KO,1.85
2022-03-21 07:04,NO01,OOQ0OXFQ8,OO,3.85
2022-03-21 07:07,NAO35,NAO09SKDGI,NAO,2.5
2022-03-21 07:15,NO05,KOWKTAKPU,KO,3.25
2022-03-21 07:35,NAO30,NAOBMYOFQE,NAO,2.5
2022-03-21 07:46,AM06,AMXAJI0Y6,AM,3.6
2022-03-21 07:51,EG28,EGF1T2TAL,EG,1.4
2022-03-21 08:01,GE02,NOXFGCAQV,NO,14.7
2022-03-21 08:03,GE02,KOWKTAKPU,KO,14.7
2022-03-21 08:42,NO10,NAOP0J43D5,NAO,4.2
2022-03-21 08:56,NAO12,AMXAJI0Y6,AM,2.5
2022-03-21 09:16,NAO25,NAO5ZJA8DZ,NAO,2.5
2022-03-21 09:19,KO09,KOWM31YIH,KO,2.05
2022-03-21 09:20,EG18,EGIGQPKI7,EG,2.1
2022-03-21 09:22,NAO39,NAOURTP0LZ,NAO,2.5
2022-03-21 09:31,EG04,OOZSJ49IT,OO,1.2
2022-03-21 09:34,EG38,EG7UR23GD,EG,1.4
2022-03-21 10:11,NO14,NO7PTX63C,NO,4.15
2022-03-21 10:20,NAO19,NAOHAFEYUH,NAO,2.5
2022-03-21 10:22,NAO15,NAO09SKDGI,NAO,2.5
2022-03-21 10:23,EG07,AMH9SDBDW,AM,1.8
2022-03-21 11:21,EG06,KOWKTAKPU,KO,1.7
2022-03-21 11:44,OO05,OO3KKV9RF,OO,3.5
2022-03-21 12:08,AM04,AMNT3W5UZ,AM,2.2
2022-03-21 12:27,NAO22,NAOLY8OZCY,NAO,2.5
2022-03-21 12:52,EG29,EGC11ERTJ,EG,1.5
2022-03-21 13:28,AM06,EG7UR23GD,EG,3.6
2022-03-21 13:45,EG24,EGSEIMVIH,EG,1.4
2022-03-21 13:48,AM01,NOE1V2ISQ,NO,2.0
2022-03-21 14:00,KO02,EGIGQPKI7,EG,3.4
2022-03-21 14:23,MO06,MOV86WZS3,MO,2.6
2022-03-21 14:29,NAO29,OO3KKV9RF,OO,2.5
2022-03-21 14:35,NAO03,NAOURTP0LZ,NAO,2.5
2022-03-21 15:08,NO12,NOQLL8OS9,NO,3.35
2022-03-21 15:10,NAO26,NAO09SKDGI,NAO,2.5
2022-03-21 15:11,NO10,NAOVZ41NAM,NAO,4.2
2022-03-21 15:14,EG24,EGIGQPKI7,EG,1.4
2022-03-21 15:28,MO10,EG7UR23GD,EG,2.7
2022-03-21 15:29,EG28,NAOBMYOFQE,NAO,1.4
2022-03-21 15:34,KO01,NOXFGCAQV,NO,3.4
2022-03-21 15:56,NAO25,NAO5ZJA8DZ,NAO,2.5
2022-03-21 15:59,MO10,MOJCKJLTE,MO,2.7
2022-03-21 16:07,NAO07,NAOP0J43D5,NAO,2.5
2022-03-21 16:19,EG31,OOQ0OXFQ8,OO,1.4
2022-03-21 17:00,NAO37,NAOBMYOFQE,NAO,2.5
2022-03-21 17:24,KO09,KOWM31YIH,KO,2.05
2022-03-21 17:26,MO05,MOV86WZS3,MO,2.6
2022-03-21 17:30,MO03,MOJCKJLTE,MO,2.1
2022-03-21 17:59,EG15,NOXFGCAQV,NO,1.2
2022-03-21 18:23,NO04,NOX6GVWRD,NO,3.25
2022-03-21 20:00,EG10,NORCBPLJD,NO,0.9
2022-03-21 20:06,EG09,EGIGQPKI7,EG,0.9
2022-03-21 20:30,NAO01,NAONSM43D8,NAO,2.5
2022-03-21 20:38,NAO31,NAOURTP0LZ,NAO,2.5
2022-03-21 21:51,EG17,EGIGQPKI7,EG,2.1
2022-03-21 22:20,KO09,KOWM31YIH,KO,2.05
2022-03-21 22:35,OO01,OOZSJ49IT,OO,2.3
2022-03-21 22:50,NO10,NOXFGCAQV,NO,4.2
2022-03-21 23:18,NAO38,NAO09SKDGI,NAO,2.5
2022-03-22 00:26,AM04,EGYTJXEPQ,EG,2.2
2022-03-22 01:01,NO10,OOQ0OXFQ8,OO,4.2
2022-03-22 01:02,AM04,AMH9SDBDW,AM,2.2
2022-03-22 01:04,AM08,AMXAJI0Y6,AM,2.8
2022-03-22 01:26,MO06,MOJCKJLTE,MO,2.6
2022-03-22 01:38,OO03,OOZSJ49IT,OO,2.4
2022-03-22 02:01,EG05,EGC11ERTJ,EG,1.7
2022-03-22 02:11,EG25,EGUT0CVS4,EG,1.8
2022-03-22 02:14,EG22,OO7PZE9VI,OO,1.6
2022-03-22 02:32,EG26,NOE1V2ISQ,NO,1.8
2022-03-22 02:37,NAO26,EGF1T2TAL,EG,2.5
2022-03-22 03:19,NAO41,EGUT0CVS4,EG,2.5
2022-03-22 03:28,KO09,KOJDP0LVS,KO,2.05
2022-03-22 03:36,NAO30,EGUT0CVS4,EG,2.5
2022-03-22 03:51,EG22,NAOBMYOFQE,NAO,1.6
2022-03-22 03:55,AM08,NOE1V2ISQ,NO,2.8
2022-03-22 04:06,NAO37,NAOBMYOFQE,NAO,2.5
2022-03-22 04:19,NO01,NO7PTX63C,NO,3.85
2022-03-22 04:27,NAO41,NAOP0J43D5,NAO,2.5
2022-03-22 04:38,OO07,OO7PZE9VI,OO,1.9
2022-03-22 04:41,NO11,NOE1V2ISQ,NO,3.35
2022-03-22 05:17,EG19,EGIGQPKI7,EG,1.4
2022-03-22 06:27,KO01,KOWKTAKPU,KO,3.4
2022-03-22 06:33,NO02,NOXFGCAQV,NO,3.85
2022-03-22 06:38,OO01,OOZSJ49IT,OO,2.3
2022-03-22 06:55,NAO41,NAO09SKDGI,NAO,2.5
2022-03-22 07:03,EG22,EGRHOCN9J,EG,1.6
2022-03-22 07:16,NO13,NOXFGCAQV,NO,4.15
2022-03-22 08:10,NAO10,EGSEIMVIH,EG,2.5
2022-03-22 08:26,NO01,NOXFGCAQV,NO,3.85
2022-03-22 09:04,AM04,AMV3A3ZMF,AM,2.2
2022-03-22 09:31,OO07,OO7PZE9VI,OO,1.9
2022-03-22 10:08,EG29,EGSEIMVIH,EG,1.5
2022-03-22 10:17,AM07,NAOP0J43D5,NAO,2.8
2022-03-22 10:26,NO01,NOX6GVWRD,NO,3.85
2022-03-22 10:43,NO05,NORCBPLJD,NO,3.25
2022-03-22 10:45,EG31,NOE1V2ISQ,NO,1.4
2022-03-22 11:07,NO01,NOE1V2ISQ,NO,3.85
2022-03-22 11:49,EG11,EG9CHJ755,EG,0.5
2022-03-22 12:40,AM05,AMLJH75LX,AM,3.6
2022-03-22 12:54,EG37,EGRHOCN9J,EG,1.4
2022-03-22 13:04,AM05,AMLJH75LX,AM,3.6
2022-03-22 14:12,OO05,AMHJ7XVG0,AM,3.5
2022-03-22 14:24,NAO26,NAOHAFEYUH,NAO,2.5
2022-03-22 14:57,KO06,EGC11ERTJ,EG,1.9
2022-03-22 14:57,EG13,EGUT0CVS4,EG,1.2
2022-03-22 15:03,NAO20,NAO5UQPGB7,NAO,2.5
2022-03-22 15:08,NO01,EGRHOCN9J,EG,3.85
